{
  "lang":"en",
  "name":"pipeline",
  "version":"0.0.0",
  "spacy_version":">=3.7.4,<3.8.0",
  "description":"",
  "author":"",
  "email":"",
  "url":"",
  "license":"",
  "spacy_git_version":"bff8725f4",
  "vectors":{
    "width":0,
    "vectors":0,
    "keys":0,
    "name":null,
    "mode":"default"
  },
  "labels":{
    "transformer":[

    ],
    "ner":[
      "College Name",
      "Companies worked at",
      "Degree",
      "Designation",
      "Email Address",
      "Graduation Year",
      "Location",
      "Name",
      "Skills",
      "UNKNOWN",
      "Years of Experience"
    ]
  },
  "pipeline":[
    "transformer",
    "ner"
  ],
  "components":[
    "transformer",
    "ner"
  ],
  "disabled":[

  ],
  "performance":{
    "ents_f":0.5705426357,
    "ents_p":0.5813586098,
    "ents_r":0.5601217656,
    "ents_per_type":{
      "Name":{
        "p":0.925,
        "r":0.925,
        "f":0.925
      },
      "Designation":{
        "p":0.5505617978,
        "r":0.5697674419,
        "f":0.56
      },
      "Companies worked at":{
        "p":0.43125,
        "r":0.610619469,
        "f":0.5054945055
      },
      "Location":{
        "p":0.734375,
        "r":0.6351351351,
        "f":0.6811594203
      },
      "Email Address":{
        "p":0.8717948718,
        "r":0.9444444444,
        "f":0.9066666667
      },
      "Graduation Year":{
        "p":0.6229508197,
        "r":0.5507246377,
        "f":0.5846153846
      },
      "Degree":{
        "p":0.6909090909,
        "r":0.7169811321,
        "f":0.7037037037
      },
      "College Name":{
        "p":0.6666666667,
        "r":0.6451612903,
        "f":0.6557377049
      },
      "Skills":{
        "p":0.2181818182,
        "r":0.1043478261,
        "f":0.1411764706
      },
      "Years of Experience":{
        "p":0.4,
        "r":0.4444444444,
        "f":0.4210526316
      }
    },
    "transformer_loss":6406.5232242269,
    "ner_loss":12887.9771749607
  }
}